{
  "-3,0,0": 0.0,
  "-2,-2,-1": 0.0,
  "-2,-2,0": 5.719094,
  "-2,-2,1": 0.0,
  "-2,-1,-2": 0.0,
  "-2,-1,-1": 18.3503323,
  "-2,-1,0": 25.4643879,
  "-2,-1,1": 18.3503323,
  "-2,-1,2": 0.0,
  "-2,0,-2": 5.719094,
  "-2,0,-1": 25.4643879,
  "-2,0,0": 33.3333244,
  "-2,0,1": 25.4643879,
  "-2,0,2": 5.719094,
  "-2,1,-2": 0.0,
  "-2,1,-1": 18.3503323,
  "-2,1,0": 25.4643879,
  "-2,1,1": 18.3503323,
  "-2,1,2": 0.0,
  "-2,2,-1": 0.0,
  "-2,2,0": 5.719094,
  "-2,2,1": 0.0,
  "-1,-2,-2": 0.0,
  "-1,-2,-1": 18.3503323,
  "-1,-2,0": 25.4643879,
  "-1,-2,1": 18.3503323,
  "-1,-2,2": 0.0,
  "-1,-1,-2": 18.3503323,
  "-1,-1,-1": 42.26497,
  "-1,-1,0": 52.85953,
  "-1,-1,1": 42.26497,
  "-1,-1,2": 18.3503323,
  "-1,0,-2": 25.4643879,
  "-1,0,-1": 52.85953,
  "-1,0,0": 66.66666,
  "-1,0,1": 52.85953,
  "-1,0,2": 25.4643879,
  "-1,1,-2": 18.3503323,
  "-1,1,-1": 42.26497,
  "-1,1,0": 52.85953,
  "-1,1,1": 42.26497,
  "-1,1,2": 18.3503323,
  "-1,2,-2": 0.0,
  "-1,2,-1": 18.3503323,
  "-1,2,0": 25.4643879,
  "-1,2,1": 18.3503323,
  "-1,2,2": 0.0,
  "0,-3,0": 0.0,
  "0,-2,-2": 5.719094,
  "0,-2,-1": 25.4643879,
  "0,-2,0": 33.3333244,
  "0,-2,1": 25.4643879,
  "0,-2,2": 5.719094,
  "0,-1,-2": 25.4643879,
  "0,-1,-1": 52.85953,
  "0,-1,0": 66.66666,
  "0,-1,1": 52.85953,
  "0,-1,2": 25.4643879,
  "0,0,-3": 0.0,
  "0,0,-2": 33.3333244,
  "0,0,-1": 66.66666,
  "0,0,0": 100.0,
  "0,0,1": 66.66666,
  "0,0,2": 33.3333244,
  "0,0,3": 0.0,
  "0,1,-2": 25.4643879,
  "0,1,-1": 52.85953,
  "0,1,0": 66.66666,
  "0,1,1": 52.85953,
  "0,1,2": 25.4643879,
  "0,2,-2": 5.719094,
  "0,2,-1": 25.4643879,
  "0,2,0": 33.3333244,
  "0,2,1": 25.4643879,
  "0,2,2": 5.719094,
  "0,3,0": 0.0,
  "1,-2,-2": 0.0,
  "1,-2,-1": 18.3503323,
  "1,-2,0": 25.4643879,
  "1,-2,1": 18.3503323,
  "1,-2,2": 0.0,
  "1,-1,-2": 18.3503323,
  "1,-1,-1": 42.26497,
  "1,-1,0": 52.85953,
  "1,-1,1": 42.26497,
  "1,-1,2": 18.3503323,
  "1,0,-2": 25.4643879,
  "1,0,-1": 52.85953,
  "1,0,0": 66.66666,
  "1,0,1": 52.85953,
  "1,0,2": 25.4643879,
  "1,1,-2": 18.3503323,
  "1,1,-1": 42.26497,
  "1,1,0": 52.85953,
  "1,1,1": 42.26497,
  "1,1,2": 18.3503323,
  "1,2,-2": 0.0,
  "1,2,-1": 18.3503323,
  "1,2,0": 25.4643879,
  "1,2,1": 18.3503323,
  "1,2,2": 0.0,
  "2,-2,-1": 0.0,
  "2,-2,0": 5.719094,
  "2,-2,1": 0.0,
  "2,-1,-2": 0.0,
  "2,-1,-1": 18.3503323,
  "2,-1,0": 25.4643879,
  "2,-1,1": 18.3503323,
  "2,-1,2": 0.0,
  "2,0,-2": 5.719094,
  "2,0,-1": 25.4643879,
  "2,0,0": 33.3333244,
  "2,0,1": 25.4643879,
  "2,0,2": 5.719094,
  "2,1,-2": 0.0,
  "2,1,-1": 18.3503323,
  "2,1,0": 25.4643879,
  "2,1,1": 18.3503323,
  "2,1,2": 0.0,
  "2,2,-1": 0.0,
  "2,2,0": 5.719094,
  "2,2,1": 0.0,
  "3,0,0": 0.0
}