{
  "-4,0,0": 0.0,
  "-3,-2,-1": 6.458561,
  "-3,-2,0": 9.861216,
  "-3,-2,1": 6.458561,
  "-3,-1,-2": 6.458561,
  "-3,-1,-1": 17.0843716,
  "-3,-1,0": 20.9430523,
  "-3,-1,1": 17.0843716,
  "-3,-1,2": 6.458561,
  "-3,0,-2": 9.861216,
  "-3,0,-1": 20.9430523,
  "-3,0,0": 24.99999,
  "-3,0,1": 20.9430523,
  "-3,0,2": 9.861216,
  "-3,1,-2": 6.458561,
  "-3,1,-1": 17.0843716,
  "-3,1,0": 20.9430523,
  "-3,1,1": 17.0843716,
  "-3,1,2": 6.458561,
  "-3,2,-1": 6.458561,
  "-3,2,0": 9.861216,
  "-3,2,1": 6.458561,
  "-2,-3,-1": 6.458561,
  "-2,-3,0": 9.861216,
  "-2,-3,1": 6.458561,
  "-2,-2,-2": 13.3974571,
  "-2,-2,-1": 24.99999,
  "-2,-2,0": 29.2893143,
  "-2,-2,1": 24.99999,
  "-2,-2,2": 13.3974571,
  "-2,-1,-3": 6.458561,
  "-2,-1,-2": 24.99999,
  "-2,-1,-1": 38.76275,
  "-2,-1,0": 44.0982933,
  "-2,-1,1": 38.76275,
  "-2,-1,2": 24.99999,
  "-2,-1,3": 6.458561,
  "-2,0,-3": 9.861216,
  "-2,0,-2": 29.2893143,
  "-2,0,-1": 44.0982933,
  "-2,0,0": 49.99999,
  "-2,0,1": 44.0982933,
  "-2,0,2": 29.2893143,
  "-2,0,3": 9.861216,
  "-2,1,-3": 6.458561,
  "-2,1,-2": 24.99999,
  "-2,1,-1": 38.76275,
  "-2,1,0": 44.0982933,
  "-2,1,1": 38.76275,
  "-2,1,2": 24.99999,
  "-2,1,3": 6.458561,
  "-2,2,-2": 13.3974571,
  "-2,2,-1": 24.99999,
  "-2,2,0": 29.2893143,
  "-2,2,1": 24.99999,
  "-2,2,2": 13.3974571,
  "-2,3,-1": 6.458561,
  "-2,3,0": 9.861216,
  "-2,3,1": 6.458561,
  "-1,-3,-2": 6.458561,
  "-1,-3,-1": 17.0843716,
  "-1,-3,0": 20.9430523,
  "-1,-3,1": 17.0843716,
  "-1,-3,2": 6.458561,
  "-1,-2,-3": 6.458561,
  "-1,-2,-2": 24.99999,
  "-1,-2,-1": 38.76275,
  "-1,-2,0": 44.0982933,
  "-1,-2,1": 38.76275,
  "-1,-2,2": 24.99999,
  "-1,-2,3": 6.458561,
  "-1,-1,-3": 17.0843716,
  "-1,-1,-2": 38.76275,
  "-1,-1,-1": 56.6987228,
  "-1,-1,0": 64.64465,
  "-1,-1,1": 56.6987228,
  "-1,-1,2": 38.76275,
  "-1,-1,3": 17.0843716,
  "-1,0,-3": 20.9430523,
  "-1,0,-2": 44.0982933,
  "-1,0,-1": 64.64465,
  "-1,0,0": 74.99999,
  "-1,0,1": 64.64465,
  "-1,0,2": 44.0982933,
  "-1,0,3": 20.9430523,
  "-1,1,-3": 17.0843716,
  "-1,1,-2": 38.76275,
  "-1,1,-1": 56.6987228,
  "-1,1,0": 64.64465,
  "-1,1,1": 56.6987228,
  "-1,1,2": 38.76275,
  "-1,1,3": 17.0843716,
  "-1,2,-3": 6.458561,
  "-1,2,-2": 24.99999,
  "-1,2,-1": 38.76275,
  "-1,2,0": 44.0982933,
  "-1,2,1": 38.76275,
  "-1,2,2": 24.99999,
  "-1,2,3": 6.458561,
  "-1,3,-2": 6.458561,
  "-1,3,-1": 17.0843716,
  "-1,3,0": 20.9430523,
  "-1,3,1": 17.0843716,
  "-1,3,2": 6.458561,
  "0,-4,0": 0.0,
  "0,-3,-2": 9.861216,
  "0,-3,-1": 20.9430523,
  "0,-3,0": 24.99999,
  "0,-3,1": 20.9430523,
  "0,-3,2": 9.861216,
  "0,-2,-3": 9.861216,
  "0,-2,-2": 29.2893143,
  "0,-2,-1": 44.0982933,
  "0,-2,0": 49.99999,
  "0,-2,1": 44.0982933,
  "0,-2,2": 29.2893143,
  "0,-2,3": 9.861216,
  "0,-1,-3": 20.9430523,
  "0,-1,-2": 44.0982933,
  "0,-1,-1": 64.64465,
  "0,-1,0": 74.99999,
  "0,-1,1": 64.64465,
  "0,-1,2": 44.0982933,
  "0,-1,3": 20.9430523,
  "0,0,-4": 0.0,
  "0,0,-3": 24.99999,
  "0,0,-2": 49.99999,
  "0,0,-1": 74.99999,
  "0,0,0": 100.0,
  "0,0,1": 74.99999,
  "0,0,2": 49.99999,
  "0,0,3": 24.99999,
  "0,0,4": 0.0,
  "0,1,-3": 20.9430523,
  "0,1,-2": 44.0982933,
  "0,1,-1": 64.64465,
  "0,1,0": 74.99999,
  "0,1,1": 64.64465,
  "0,1,2": 44.0982933,
  "0,1,3": 20.9430523,
  "0,2,-3": 9.861216,
  "0,2,-2": 29.2893143,
  "0,2,-1": 44.0982933,
  "0,2,0": 49.99999,
  "0,2,1": 44.0982933,
  "0,2,2": 29.2893143,
  "0,2,3": 9.861216,
  "0,3,-2": 9.861216,
  "0,3,-1": 20.9430523,
  "0,3,0": 24.99999,
  "0,3,1": 20.9430523,
  "0,3,2": 9.861216,
  "0,4,0": 0.0,
  "1,-3,-2": 6.458561,
  "1,-3,-1": 17.0843716,
  "1,-3,0": 20.9430523,
  "1,-3,1": 17.0843716,
  "1,-3,2": 6.458561,
  "1,-2,-3": 6.458561,
  "1,-2,-2": 24.99999,
  "1,-2,-1": 38.76275,
  "1,-2,0": 44.0982933,
  "1,-2,1": 38.76275,
  "1,-2,2": 24.99999,
  "1,-2,3": 6.458561,
  "1,-1,-3": 17.0843716,
  "1,-1,-2": 38.76275,
  "1,-1,-1": 56.6987228,
  "1,-1,0": 64.64465,
  "1,-1,1": 56.6987228,
  "1,-1,2": 38.76275,
  "1,-1,3": 17.0843716,
  "1,0,-3": 20.9430523,
  "1,0,-2": 44.0982933,
  "1,0,-1": 64.64465,
  "1,0,0": 74.99999,
  "1,0,1": 64.64465,
  "1,0,2": 44.0982933,
  "1,0,3": 20.9430523,
  "1,1,-3": 17.0843716,
  "1,1,-2": 38.76275,
  "1,1,-1": 56.6987228,
  "1,1,0": 64.64465,
  "1,1,1": 56.6987228,
  "1,1,2": 38.76275,
  "1,1,3": 17.0843716,
  "1,2,-3": 6.458561,
  "1,2,-2": 24.99999,
  "1,2,-1": 38.76275,
  "1,2,0": 44.0982933,
  "1,2,1": 38.76275,
  "1,2,2": 24.99999,
  "1,2,3": 6.458561,
  "1,3,-2": 6.458561,
  "1,3,-1": 17.0843716,
  "1,3,0": 20.9430523,
  "1,3,1": 17.0843716,
  "1,3,2": 6.458561,
  "2,-3,-1": 6.458561,
  "2,-3,0": 9.861216,
  "2,-3,1": 6.458561,
  "2,-2,-2": 13.3974571,
  "2,-2,-1": 24.99999,
  "2,-2,0": 29.2893143,
  "2,-2,1": 24.99999,
  "2,-2,2": 13.3974571,
  "2,-1,-3": 6.458561,
  "2,-1,-2": 24.99999,
  "2,-1,-1": 38.76275,
  "2,-1,0": 44.0982933,
  "2,-1,1": 38.76275,
  "2,-1,2": 24.99999,
  "2,-1,3": 6.458561,
  "2,0,-3": 9.861216,
  "2,0,-2": 29.2893143,
  "2,0,-1": 44.0982933,
  "2,0,0": 49.99999,
  "2,0,1": 44.0982933,
  "2,0,2": 29.2893143,
  "2,0,3": 9.861216,
  "2,1,-3": 6.458561,
  "2,1,-2": 24.99999,
  "2,1,-1": 38.76275,
  "2,1,0": 44.0982933,
  "2,1,1": 38.76275,
  "2,1,2": 24.99999,
  "2,1,3": 6.458561,
  "2,2,-2": 13.3974571,
  "2,2,-1": 24.99999,
  "2,2,0": 29.2893143,
  "2,2,1": 24.99999,
  "2,2,2": 13.3974571,
  "2,3,-1": 6.458561,
  "2,3,0": 9.861216,
  "2,3,1": 6.458561,
  "3,-2,-1": 6.458561,
  "3,-2,0": 9.861216,
  "3,-2,1": 6.458561,
  "3,-1,-2": 6.458561,
  "3,-1,-1": 17.0843716,
  "3,-1,0": 20.9430523,
  "3,-1,1": 17.0843716,
  "3,-1,2": 6.458561,
  "3,0,-2": 9.861216,
  "3,0,-1": 20.9430523,
  "3,0,0": 24.99999,
  "3,0,1": 20.9430523,
  "3,0,2": 9.861216,
  "3,1,-2": 6.458561,
  "3,1,-1": 17.0843716,
  "3,1,0": 20.9430523,
  "3,1,1": 17.0843716,
  "3,1,2": 6.458561,
  "3,2,-1": 6.458561,
  "3,2,0": 9.861216,
  "3,2,1": 6.458561,
  "4,0,0": 0.0
}