{
  "-8,0,0": 0.0,
  "-7,-3,-2": 1.57490373,
  "-7,-3,-1": 3.98567915,
  "-7,-3,0": 4.802835,
  "-7,-3,1": 3.98567915,
  "-7,-3,2": 1.57490373,
  "-7,-2,-3": 1.57490373,
  "-7,-2,-2": 5.627072,
  "-7,-2,-1": 8.14413452,
  "-7,-2,0": 8.998627,
  "-7,-2,1": 8.14413452,
  "-7,-2,2": 5.627072,
  "-7,-2,3": 1.57490373,
  "-7,-1,-3": 3.98567915,
  "-7,-1,-2": 8.14413452,
  "-7,-1,-1": 10.7321444,
  "-7,-1,0": 11.6116524,
  "-7,-1,1": 10.7321444,
  "-7,-1,2": 8.14413452,
  "-7,-1,3": 3.98567915,
  "-7,0,-3": 4.802835,
  "-7,0,-2": 8.998627,
  "-7,0,-1": 11.6116524,
  "-7,0,1": 11.6116524,
  "-7,0,2": 8.998627,
  "-7,0,3": 4.802835,
  "-7,1,-3": 3.98567915,
  "-7,1,-2": 8.14413452,
  "-7,1,-1": 10.7321444,
  "-7,1,0": 11.6116524,
  "-7,1,1": 10.7321444,
  "-7,1,2": 8.14413452,
  "-7,1,3": 3.98567915,
  "-7,2,-3": 1.57490373,
  "-7,2,-2": 5.627072,
  "-7,2,-1": 8.14413452,
  "-7,2,0": 8.998627,
  "-7,2,1": 8.14413452,
  "-7,2,2": 5.627072,
  "-7,2,3": 1.57490373,
  "-7,3,-2": 1.57490373,
  "-7,3,-1": 3.98567915,
  "-7,3,0": 4.802835,
  "-7,3,1": 3.98567915,
  "-7,3,2": 1.57490373,
  "-6,-5,-1": 1.57490373,
  "-6,-5,0": 2.37187743,
  "-6,-5,1": 1.57490373,
  "-6,-4,-3": 2.37187743,
  "-6,-4,-2": 6.458563,
  "-6,-4,-1": 8.998627,
  "-6,-4,0": 9.861219,
  "-6,-4,1": 8.998627,
  "-6,-4,2": 6.458563,
  "-6,-4,3": 2.37187743,
  "-6,-3,-4": 2.37187743,
  "-6,-3,-3": 8.14413452,
  "-6,-3,3": 8.14413452,
  "-6,-3,4": 2.37187743,
  "-6,-2,-4": 6.458563,
  "-6,-2,4": 6.458563,
  "-6,-1,-5": 1.57490373,
  "-6,-1,-4": 8.998627,
  "-6,-1,4": 8.998627,
  "-6,-1,5": 1.57490373,
  "-6,0,-5": 2.37187743,
  "-6,0,-4": 9.861219,
  "-6,0,4": 9.861219,
  "-6,0,5": 2.37187743,
  "-6,1,-5": 1.57490373,
  "-6,1,-4": 8.998627,
  "-6,1,4": 8.998627,
  "-6,1,5": 1.57490373,
  "-6,2,-4": 6.458563,
  "-6,2,4": 6.458563,
  "-6,3,-4": 2.37187743,
  "-6,3,-3": 8.14413452,
  "-6,3,3": 8.14413452,
  "-6,3,4": 2.37187743,
  "-6,4,-3": 2.37187743,
  "-6,4,-2": 6.458563,
  "-6,4,-1": 8.998627,
  "-6,4,0": 9.861219,
  "-6,4,1": 8.998627,
  "-6,4,2": 6.458563,
  "-6,4,3": 2.37187743,
  "-6,5,-1": 1.57490373,
  "-6,5,0": 2.37187743,
  "-6,5,1": 1.57490373,
  "-5,-6,-1": 1.57490373,
  "-5,-6,0": 2.37187743,
  "-5,-6,1": 1.57490373,
  "-5,-5,-3": 3.98567915,
  "-5,-5,-2": 8.14413452,
  "-5,-5,-1": 10.7321444,
  "-5,-5,0": 11.6116524,
  "-5,-5,1": 10.7321444,
  "-5,-5,2": 8.14413452,
  "-5,-5,3": 3.98567915,
  "-5,-4,-4": 5.627072,
  "-5,-4,-3": 11.6116524,
  "-5,-4,3": 11.6116524,
  "-5,-4,4": 5.627072,
  "-5,-3,-5": 3.98567915,
  "-5,-3,-4": 11.6116524,
  "-5,-3,4": 11.6116524,
  "-5,-3,5": 3.98567915,
  "-5,-2,-5": 8.14413452,
  "-5,-2,5": 8.14413452,
  "-5,-1,-6": 1.57490373,
  "-5,-1,-5": 10.7321444,
  "-5,-1,5": 10.7321444,
  "-5,-1,6": 1.57490373,
  "-5,0,-6": 2.37187743,
  "-5,0,-5": 11.6116524,
  "-5,0,5": 11.6116524,
  "-5,0,6": 2.37187743,
  "-5,1,-6": 1.57490373,
  "-5,1,-5": 10.7321444,
  "-5,1,5": 10.7321444,
  "-5,1,6": 1.57490373,
  "-5,2,-5": 8.14413452,
  "-5,2,5": 8.14413452,
  "-5,3,-5": 3.98567915,
  "-5,3,-4": 11.6116524,
  "-5,3,4": 11.6116524,
  "-5,3,5": 3.98567915,
  "-5,4,-4": 5.627072,
  "-5,4,-3": 11.6116524,
  "-5,4,3": 11.6116524,
  "-5,4,4": 5.627072,
  "-5,5,-3": 3.98567915,
  "-5,5,-2": 8.14413452,
  "-5,5,-1": 10.7321444,
  "-5,5,0": 11.6116524,
  "-5,5,1": 10.7321444,
  "-5,5,2": 8.14413452,
  "-5,5,3": 3.98567915,
  "-5,6,-1": 1.57490373,
  "-5,6,0": 2.37187743,
  "-5,6,1": 1.57490373,
  "-4,-6,-3": 2.37187743,
  "-4,-6,-2": 6.458563,
  "-4,-6,-1": 8.998627,
  "-4,-6,0": 9.861219,
  "-4,-6,1": 8.998627,
  "-4,-6,2": 6.458563,
  "-4,-6,3": 2.37187743,
  "-4,-5,-4": 5.627072,
  "-4,-5,-3": 11.6116524,
  "-4,-5,3": 11.6116524,
  "-4,-5,4": 5.627072,
  "-4,-4,-5": 5.627072,
  "-4,-4,5": 5.627072,
  "-4,-3,-6": 2.37187743,
  "-4,-3,-5": 11.6116524,
  "-4,-3,5": 11.6116524,
  "-4,-3,6": 2.37187743,
  "-4,-2,-6": 6.458563,
  "-4,-2,6": 6.458563,
  "-4,-1,-6": 8.998627,
  "-4,-1,6": 8.998627,
  "-4,0,-6": 9.861219,
  "-4,0,6": 9.861219,
  "-4,1,-6": 8.998627,
  "-4,1,6": 8.998627,
  "-4,2,-6": 6.458563,
  "-4,2,6": 6.458563,
  "-4,3,-6": 2.37187743,
  "-4,3,-5": 11.6116524,
  "-4,3,5": 11.6116524,
  "-4,3,6": 2.37187743,
  "-4,4,-5": 5.627072,
  "-4,4,5": 5.627072,
  "-4,5,-4": 5.627072,
  "-4,5,-3": 11.6116524,
  "-4,5,3": 11.6116524,
  "-4,5,4": 5.627072,
  "-4,6,-3": 2.37187743,
  "-4,6,-2": 6.458563,
  "-4,6,-1": 8.998627,
  "-4,6,0": 9.861219,
  "-4,6,1": 8.998627,
  "-4,6,2": 6.458563,
  "-4,6,3": 2.37187743,
  "-3,-7,-2": 1.57490373,
  "-3,-7,-1": 3.98567915,
  "-3,-7,0": 4.802835,
  "-3,-7,1": 3.98567915,
  "-3,-7,2": 1.57490373,
  "-3,-6,-4": 2.37187743,
  "-3,-6,-3": 8.14413452,
  "-3,-6,3": 8.14413452,
  "-3,-6,4": 2.37187743,
  "-3,-5,-5": 3.98567915,
  "-3,-5,-4": 11.6116524,
  "-3,-5,4": 11.6116524,
  "-3,-5,5": 3.98567915,
  "-3,-4,-6": 2.37187743,
  "-3,-4,-5": 11.6116524,
  "-3,-4,5": 11.6116524,
  "-3,-4,6": 2.37187743,
  "-3,-3,-6": 8.14413452,
  "-3,-3,6": 8.14413452,
  "-3,-2,-7": 1.57490373,
  "-3,-2,7": 1.57490373,
  "-3,-1,-7": 3.98567915,
  "-3,-1,7": 3.98567915,
  "-3,0,-7": 4.802835,
  "-3,0,7": 4.802835,
  "-3,1,-7": 3.98567915,
  "-3,1,7": 3.98567915,
  "-3,2,-7": 1.57490373,
  "-3,2,7": 1.57490373,
  "-3,3,-6": 8.14413452,
  "-3,3,6": 8.14413452,
  "-3,4,-6": 2.37187743,
  "-3,4,-5": 11.6116524,
  "-3,4,5": 11.6116524,
  "-3,4,6": 2.37187743,
  "-3,5,-5": 3.98567915,
  "-3,5,-4": 11.6116524,
  "-3,5,4": 11.6116524,
  "-3,5,5": 3.98567915,
  "-3,6,-4": 2.37187743,
  "-3,6,-3": 8.14413452,
  "-3,6,3": 8.14413452,
  "-3,6,4": 2.37187743,
  "-3,7,-2": 1.57490373,
  "-3,7,-1": 3.98567915,
  "-3,7,0": 4.802835,
  "-3,7,1": 3.98567915,
  "-3,7,2": 1.57490373,
  "-2,-7,-3": 1.57490373,
  "-2,-7,-2": 5.627072,
  "-2,-7,-1": 8.14413452,
  "-2,-7,0": 8.998627,
  "-2,-7,1": 8.14413452,
  "-2,-7,2": 5.627072,
  "-2,-7,3": 1.57490373,
  "-2,-6,-4": 6.458563,
  "-2,-6,4": 6.458563,
  "-2,-5,-5": 8.14413452,
  "-2,-5,5": 8.14413452,
  "-2,-4,-6": 6.458563,
  "-2,-4,6": 6.458563,
  "-2,-3,-7": 1.57490373,
  "-2,-3,7": 1.57490373,
  "-2,-2,-7": 5.627072,
  "-2,-2,7": 5.627072,
  "-2,-1,-7": 8.14413452,
  "-2,-1,7": 8.14413452,
  "-2,0,-7": 8.998627,
  "-2,0,7": 8.998627,
  "-2,1,-7": 8.14413452,
  "-2,1,7": 8.14413452,
  "-2,2,-7": 5.627072,
  "-2,2,7": 5.627072,
  "-2,3,-7": 1.57490373,
  "-2,3,7": 1.57490373,
  "-2,4,-6": 6.458563,
  "-2,4,6": 6.458563,
  "-2,5,-5": 8.14413452,
  "-2,5,5": 8.14413452,
  "-2,6,-4": 6.458563,
  "-2,6,4": 6.458563,
  "-2,7,-3": 1.57490373,
  "-2,7,-2": 5.627072,
  "-2,7,-1": 8.14413452,
  "-2,7,0": 8.998627,
  "-2,7,1": 8.14413452,
  "-2,7,2": 5.627072,
  "-2,7,3": 1.57490373,
  "-1,-7,-3": 3.98567915,
  "-1,-7,-2": 8.14413452,
  "-1,-7,-1": 10.7321444,
  "-1,-7,0": 11.6116524,
  "-1,-7,1": 10.7321444,
  "-1,-7,2": 8.14413452,
  "-1,-7,3": 3.98567915,
  "-1,-6,-5": 1.57490373,
  "-1,-6,-4": 8.998627,
  "-1,-6,4": 8.998627,
  "-1,-6,5": 1.57490373,
  "-1,-5,-6": 1.57490373,
  "-1,-5,-5": 10.7321444,
  "-1,-5,5": 10.7321444,
  "-1,-5,6": 1.57490373,
  "-1,-4,-6": 8.998627,
  "-1,-4,6": 8.998627,
  "-1,-3,-7": 3.98567915,
  "-1,-3,7": 3.98567915,
  "-1,-2,-7": 8.14413452,
  "-1,-2,7": 8.14413452,
  "-1,-1,-7": 10.7321444,
  "-1,-1,7": 10.7321444,
  "-1,0,-7": 11.6116524,
  "-1,0,7": 11.6116524,
  "-1,1,-7": 10.7321444,
  "-1,1,7": 10.7321444,
  "-1,2,-7": 8.14413452,
  "-1,2,7": 8.14413452,
  "-1,3,-7": 3.98567915,
  "-1,3,7": 3.98567915,
  "-1,4,-6": 8.998627,
  "-1,4,6": 8.998627,
  "-1,5,-6": 1.57490373,
  "-1,5,-5": 10.7321444,
  "-1,5,5": 10.7321444,
  "-1,5,6": 1.57490373,
  "-1,6,-5": 1.57490373,
  "-1,6,-4": 8.998627,
  "-1,6,4": 8.998627,
  "-1,6,5": 1.57490373,
  "-1,7,-3": 3.98567915,
  "-1,7,-2": 8.14413452,
  "-1,7,-1": 10.7321444,
  "-1,7,0": 11.6116524,
  "-1,7,1": 10.7321444,
  "-1,7,2": 8.14413452,
  "-1,7,3": 3.98567915,
  "0,-8,0": 0.0,
  "0,-7,-3": 4.802835,
  "0,-7,-2": 8.998627,
  "0,-7,-1": 11.6116524,
  "0,-7,1": 11.6116524,
  "0,-7,2": 8.998627,
  "0,-7,3": 4.802835,
  "0,-6,-5": 2.37187743,