{
  "-6,0,0": 24.99999,
  "-5,-3,-1": 26.04899,
  "-5,-3,0": 27.1130943,
  "-5,-3,1": 26.04899,
  "-5,-2,-2": 28.1929588,
  "-5,-2,-1": 31.5346718,
  "-5,-2,0": 32.6854362,
  "-5,-2,1": 31.5346718,
  "-5,-2,2": 28.1929588,
  "-5,-1,-3": 26.04899,
  "-5,-1,-2": 31.5346718,
  "-5,-1,-1": 35.04809,
  "-5,-1,0": 36.26225,
  "-5,-1,1": 35.04809,
  "-5,-1,2": 31.5346718,
  "-5,-1,3": 26.04899,
  "-5,0,-3": 27.1130943,
  "-5,0,-2": 32.6854362,
  "-5,0,-1": 36.26225,
  "-5,0,0": 37.4999924,
  "-5,0,1": 36.26225,
  "-5,0,2": 32.6854362,
  "-5,0,3": 27.1130943,
  "-5,1,-3": 26.04899,
  "-5,1,-2": 31.5346718,
  "-5,1,-1": 35.04809,
  "-5,1,0": 36.26225,
  "-5,1,1": 35.04809,
  "-5,1,2": 31.5346718,
  "-5,1,3": 26.04899,
  "-5,2,-2": 28.1929588,
  "-5,2,-1": 31.5346718,
  "-5,2,0": 32.6854362,
  "-5,2,1": 31.5346718,
  "-5,2,2": 28.1929588,
  "-5,3,-1": 26.04899,
  "-5,3,0": 27.1130943,
  "-5,3,1": 26.04899,
  "-4,-4,-2": 24.99999,
  "-4,-4,-1": 28.1929588,
  "-4,-4,0": 29.2893143,
  "-4,-4,1": 28.1929588,
  "-4,-4,2": 24.99999,
  "-4,-3,-3": 27.1130943,
  "-4,-3,-2": 32.6854362,
  "-4,-3,-1": 36.26225,
  "-4,-3,0": 37.4999924,
  "-4,-3,1": 36.26225,
  "-4,-3,2": 32.6854362,
  "-4,-3,3": 27.1130943,
  "-4,-2,-4": 24.99999,
  "-4,-2,-3": 32.6854362,
  "-4,-2,-2": 38.76275,
  "-4,-2,-1": 42.7177963,
  "-4,-2,0": 44.0982933,
  "-4,-2,1": 42.7177963,
  "-4,-2,2": 38.76275,
  "-4,-2,3": 32.6854362,
  "-4,-2,4": 24.99999,
  "-4,-1,-4": 28.1929588,
  "-4,-1,-3": 36.26225,
  "-4,-1,-2": 42.7177963,
  "-4,-1,-1": 46.96698,
  "-4,-1,0": 48.46117,
  "-4,-1,1": 46.96698,
  "-4,-1,2": 42.7177963,
  "-4,-1,3": 36.26225,
  "-4,-1,4": 28.1929588,
  "-4,0,-4": 29.2893143,
  "-4,0,-3": 37.4999924,
  "-4,0,-2": 44.0982933,
  "-4,0,-1": 48.46117,
  "-4,0,1": 48.46117,
  "-4,0,2": 44.0982933,
  "-4,0,3": 37.4999924,
  "-4,0,4": 29.2893143,
  "-4,1,-4": 28.1929588,
  "-4,1,-3": 36.26225,
  "-4,1,-2": 42.7177963,
  "-4,1,-1": 46.96698,
  "-4,1,0": 48.46117,
  "-4,1,1": 46.96698,
  "-4,1,2": 42.7177963,
  "-4,1,3": 36.26225,
  "-4,1,4": 28.1929588,
  "-4,2,-4": 24.99999,
  "-4,2,-3": 32.6854362,
  "-4,2,-2": 38.76275,
  "-4,2,-1": 42.7177963,
  "-4,2,0": 44.0982933,
  "-4,2,1": 42.7177963,
  "-4,2,2": 38.76275,
  "-4,2,3": 32.6854362,
  "-4,2,4": 24.99999,
  "-4,3,-3": 27.1130943,
  "-4,3,-2": 32.6854362,
  "-4,3,-1": 36.26225,
  "-4,3,0": 37.4999924,
  "-4,3,1": 36.26225,
  "-4,3,2": 32.6854362,
  "-4,3,3": 27.1130943,
  "-4,4,-2": 24.99999,
  "-4,4,-1": 28.1929588,
  "-4,4,0": 29.2893143,
  "-4,4,1": 28.1929588,
  "-4,4,2": 24.99999,
  "-3,-5,-1": 26.04899,
  "-3,-5,0": 27.1130943,
  "-3,-5,1": 26.04899,
  "-3,-4,-3": 27.1130943,
  "-3,-4,-2": 32.6854362,
  "-3,-4,-1": 36.26225,
  "-3,-4,0": 37.4999924,
  "-3,-4,1": 36.26225,
  "-3,-4,2": 32.6854362,
  "-3,-4,3": 27.1130943,
  "-3,-3,-4": 27.1130943,
  "-3,-3,-3": 35.04809,
  "-3,-3,-2": 41.3697968,
  "-3,-3,-1": 45.5137558,
  "-3,-3,0": 46.96698,
  "-3,-3,1": 45.5137558,
  "-3,-3,2": 41.3697968,
  "-3,-3,3": 35.04809,
  "-3,-3,4": 27.1130943,
  "-3,-2,-4": 32.6854362,
  "-3,-2,-3": 41.3697968,
  "-3,-2,-2": 48.46117,
  "-3,-2,2": 48.46117,
  "-3,-2,3": 41.3697968,
  "-3,-2,4": 32.6854362,
  "-3,-1,-5": 26.04899,
  "-3,-1,-4": 36.26225,
  "-3,-1,-3": 45.5137558,
  "-3,-1,3": 45.5137558,
  "-3,-1,4": 36.26225,
  "-3,-1,5": 26.04899,
  "-3,0,-5": 27.1130943,
  "-3,0,-4": 37.4999924,
  "-3,0,-3": 46.96698,
  "-3,0,3": 46.96698,
  "-3,0,4": 37.4999924,
  "-3,0,5": 27.1130943,
  "-3,1,-5": 26.04899,
  "-3,1,-4": 36.26225,
  "-3,1,-3": 45.5137558,
  "-3,1,3": 45.5137558,
  "-3,1,4": 36.26225,
  "-3,1,5": 26.04899,
  "-3,2,-4": 32.6854362,
  "-3,2,-3": 41.3697968,
  "-3,2,-2": 48.46117,
  "-3,2,2": 48.46117,
  "-3,2,3": 41.3697968,
  "-3,2,4": 32.6854362,
  "-3,3,-4": 27.1130943,
  "-3,3,-3": 35.04809,
  "-3,3,-2": 41.3697968,
  "-3,3,-1": 45.5137558,
  "-3,3,0": 46.96698,
  "-3,3,1": 45.5137558,
  "-3,3,2": 41.3697968,
  "-3,3,3": 35.04809,
  "-3,3,4": 27.1130943,
  "-3,4,-3": 27.1130943,
  "-3,4,-2": 32.6854362,
  "-3,4,-1": 36.26225,
  "-3,4,0": 37.4999924,
  "-3,4,1": 36.26225,
  "-3,4,2": 32.6854362,
  "-3,4,3": 27.1130943,
  "-3,5,-1": 26.04899,
  "-3,5,0": 27.1130943,
  "-3,5,1": 26.04899,
  "-2,-5,-2": 28.1929588,
  "-2,-5,-1": 31.5346718,
  "-2,-5,0": 32.6854362,
  "-2,-5,1": 31.5346718,
  "-2,-5,2": 28.1929588,
  "-2,-4,-4": 24.99999,
  "-2,-4,-3": 32.6854362,
  "-2,-4,-2": 38.76275,
  "-2,-4,-1": 42.7177963,
  "-2,-4,0": 44.0982933,
  "-2,-4,1": 42.7177963,
  "-2,-4,2": 38.76275,
  "-2,-4,3": 32.6854362,
  "-2,-4,4": 24.99999,
  "-2,-3,-4": 32.6854362,
  "-2,-3,-3": 41.3697968,
  "-2,-3,-2": 48.46117,
  "-2,-3,2": 48.46117,
  "-2,-3,3": 41.3697968,
  "-2,-3,4": 32.6854362,
  "-2,-2,-5": 28.1929588,
  "-2,-2,-4": 38.76275,
  "-2,-2,-3": 48.46117,
  "-2,-2,3": 48.46117,
  "-2,-2,4": 38.76275,
  "-2,-2,5": 28.1929588,
  "-2,-1,-5": 31.5346718,
  "-2,-1,-4": 42.7177963,
  "-2,-1,4": 42.7177963,
  "-2,-1,5": 31.5346718,
  "-2,0,-5": 32.6854362,
  "-2,0,-4": 44.0982933,
  "-2,0,4": 44.0982933,
  "-2,0,5": 32.6854362,
  "-2,1,-5": 31.5346718,
  "-2,1,-4": 42.7177963,
  "-2,1,4": 42.7177963,
  "-2,1,5": 31.5346718,
  "-2,2,-5": 28.1929588,
  "-2,2,-4": 38.76275,
  "-2,2,-3": 48.46117,
  "-2,2,3": 48.46117,
  "-2,2,4": 38.76275,
  "-2,2,5": 28.1929588,
  "-2,3,-4": 32.6854362,
  "-2,3,-3": 41.3697968,
  "-2,3,-2": 48.46117,
  "-2,3,2": 48.46117,
  "-2,3,3": 41.3697968,
  "-2,3,4": 32.6854362,
  "-2,4,-4": 24.99999,
  "-2,4,-3": 32.6854362,
  "-2,4,-2": 38.76275,
  "-2,4,-1": 42.7177963,
  "-2,4,0": 44.0982933,
  "-2,4,1": 42.7177963,
  "-2,4,2": 38.76275,
  "-2,4,3": 32.6854362,
  "-2,4,4": 24.99999,
  "-2,5,-2": 28.1929588,
  "-2,5,-1": 31.5346718,
  "-2,5,0": 32.6854362,
  "-2,5,1": 31.5346718,
  "-2,5,2": 28.1929588,
  "-1,-5,-3": 26.04899,
  "-1,-5,-2": 31.5346718,
  "-1,-5,-1": 35.04809,
  "-1,-5,0": 36.26225,
  "-1,-5,1": 35.04809,
  "-1,-5,2": 31.5346718,
  "-1,-5,3": 26.04899,
  "-1,-4,-4": 28.1929588,
  "-1,-4,-3": 36.26225,
  "-1,-4,-2": 42.7177963,
  "-1,-4,-1": 46.96698,
  "-1,-4,0": 48.46117,
  "-1,-4,1": 46.96698,
  "-1,-4,2": 42.7177963,
  "-1,-4,3": 36.26225,
  "-1,-4,4": 28.1929588,
  "-1,-3,-5": 26.04899,
  "-1,-3,-4": 36.26225,
  "-1,-3,-3": 45.5137558,
  "-1,-3,3": 45.5137558,
  "-1,-3,4": 36.26225,
  "-1,-3,5": 26.04899,
  "-1,-2,-5": 31.5346718,
  "-1,-2,-4": 42.7177963,
  "-1,-2,4": 42.7177963,
  "-1,-2,5": 31.5346718,
  "-1,-1,-5": 35.04809,
  "-1,-1,-4": 46.96698,
  "-1,-1,4": 46.96698,
  "-1,-1,5": 35.04809,
  "-1,0,-5": 36.26225,
  "-1,0,-4": 48.46117,
  "-1,0,4": 48.46117,
  "-1,0,5": 36.26225,
  "-1,1,-5": 35.04809,
  "-1,1,-4": 46.96698,
  "-1,1,4": 46.96698,
  "-1,1,5": 35.04809,
  "-1,2,-5": 31.5346718,
  "-1,2,-4": 42.7177963,
  "-1,2,4": 42.7177963,
  "-1,2,5": 31.5346718,
  "-1,3,-5": 26.04899,
  "-1,3,-4": 36.26225,
  "-1,3,-3": 45.5137558,
  "-1,3,3": 45.5137558,
  "-1,3,4": 36.26225,
  "-1,3,5": 26.04899,
  "-1,4,-4": 28.1929588,
  "-1,4,-3": 36.26225,
  "-1,4,-2": 42.7177963,
  "-1,4,-1": 46.96698,
  "-1,4,0": 48.46117,
  "-1,4,1": 46.96698,
  "-1,4,2": 42.7177963,
  "-1,4,3": 36.26225,
  "-1,4,4": 28.1929588,
  "-1,5,-3": 26.04899,
  "-1,5,-2": 31.5346718,
  "-1,5,-1": 35.04809,
  "-1,5,0": 36.26225,
  "-1,5,1": 35.04809,
  "-1,5,2": 31.5346718,
  "-1,5,3": 26.04899,
  "0,-6,0": 24.99999,
  "0,-5,-3": 27.1130943,
  "0,-5,-2": 32.6854362,
  "0,-5,-1": 36.26225,
  "0,-5,0": 37.4999924,
  "0,-5,1": 36.26225,
  "0,-5,2": 32.6854362,
  "0,-5,3": 27.1130943,
  "0,-4,-4": 29.2893143,
  "0,-4,-3": 37.4999924,
  "0,-4,-2": 44.0982933,
  "0,-4,-1": 48.46117,
  "0,-4,1": 48.46117,
  "0,-4,2": 44.0982933,
  "0,-4,3": 37.4999924,
  "0,-4,4": 29.2893143,
  "0,-3,-5": 27.1130943,
  "0,-3,-4": 37.4999924,
  "0,-3,-3": 46.96698,
  "0,-3,3": 46.96698,
  "0,-3,4": 37.4999924,
  "0,-3,5": 27.1130943,
  "0,-2,-5": 32.6854362,
  "0,-2,-4": 44.0982933,
  "0,-2,4": 44.0982933,
  "0,-2,5": 32.6854362,
  "0,-1,-5": 36.26225,
  "0,-1,-4": 48.46117,
  "0,-1,4": 48.46117,
  "0,-1,5": 36.26225,
  "0,0,-6": 24.99999,